City_ID,City,Country,Lat,Lng,Max Temp,Humidity,Cloudiness,Wind Speed,Current Description
0,Vila,PT,42.0304,-8.1588,45.73,95,99,2.71,overcast clouds
1,Kangaba,ML,11.9333,-8.4167,67.46,18,7,6.4,clear sky
2,Mar Del Plata,AR,-38.0023,-57.5575,73.09,1,57,8.01,broken clouds
3,Ahipara,NZ,-35.1667,173.1667,72.95,64,95,6.17,overcast clouds
4,Ushuaia,AR,-54.8,-68.3,44.26,70,100,0.0,overcast clouds
5,Upernavik,GL,72.7868,-56.1549,3.02,99,100,2.37,overcast clouds
6,Touros,BR,-5.1989,-35.4608,77.9,77,99,10.51,overcast clouds
7,Jamestown,US,42.097,-79.2353,26.24,56,100,11.99,overcast clouds
8,Havelock,US,34.8791,-76.9013,64.98,85,20,12.66,few clouds
9,Butaritari,KI,3.0707,172.7902,81.73,77,75,17.83,broken clouds
10,Bredasdorp,ZA,-34.5322,20.0403,65.52,82,69,12.66,broken clouds
11,Itaperuna,BR,-21.205,-41.8878,69.26,99,100,2.57,overcast clouds
12,Bluff,NZ,-46.6,168.3333,70.81,85,85,11.39,overcast clouds
13,Port Alfred,ZA,-33.5906,26.891,71.35,87,99,20.74,overcast clouds
14,Dana Point,US,33.467,-117.6981,68.79,56,8,1.01,clear sky
15,Hilo,US,19.7297,-155.09,78.53,80,75,6.91,broken clouds
16,Albany,US,42.6001,-73.9662,35.47,78,100,1.01,overcast clouds
17,Hobyo,SO,5.3505,48.5268,77.07,67,12,19.35,few clouds
18,Mataura,NZ,-46.1927,168.8643,70.48,47,48,3.42,scattered clouds
19,Chokurdakh,RU,70.6333,147.9167,-25.19,95,26,8.37,scattered clouds
20,Busselton,AU,-33.65,115.3333,70.05,35,100,7.14,overcast clouds
21,Parnamirim,BR,-5.9156,-35.2628,78.69,89,20,4.61,few clouds
22,Carnarvon,AU,-24.8667,113.6333,80.67,47,0,16.11,clear sky
23,Suclayin,PH,15.7568,121.5503,81.86,64,7,3.87,clear sky
24,Yellowknife,CA,62.456,-114.3525,-26.59,88,40,2.3,scattered clouds
25,Vaini,TO,-21.2,-175.2,78.96,94,100,10.36,overcast clouds
26,Castro,BR,-24.7911,-50.0119,55.98,95,69,3.8,broken clouds
27,Kiunga,PG,-6.1219,141.2906,91.94,48,88,5.5,overcast clouds
28,Praia,CV,14.9215,-23.5087,72.14,78,75,10.36,broken clouds
29,New Norfolk,AU,-42.7826,147.0587,76.75,59,96,1.99,overcast clouds
30,Zabid,YE,14.1951,43.3152,72.1,71,1,7.36,clear sky
31,Farafangana,MG,-22.8167,47.8333,74.39,88,99,4.97,light rain
32,Wahiawa,US,21.5028,-158.0236,77.32,72,75,5.75,broken clouds
33,Bengkulu,ID,-3.8004,102.2655,83.01,70,53,1.86,moderate rain
34,Port Lincoln,AU,-34.7333,135.8667,84.74,38,100,2.33,overcast clouds
35,Luderitz,NA,-26.6481,15.1594,61.63,97,13,4.92,few clouds
36,Qom,IR,34.6401,50.8764,41.4,61,6,0.69,clear sky
37,Punta Arenas,CL,-53.15,-70.9167,50.11,62,75,23.02,broken clouds
38,Khatanga,RU,71.9667,102.5,-6.21,92,99,5.99,overcast clouds
39,Hermanus,ZA,-34.4187,19.2345,66.9,87,70,3.83,broken clouds
40,Bilibino,RU,68.0546,166.4372,-17.01,99,77,1.45,broken clouds
41,Rikitea,PF,-23.1203,-134.9692,77.97,78,100,19.15,overcast clouds
42,Umm Lajj,SA,25.0213,37.2685,73.31,55,98,11.79,overcast clouds
43,Sao Filipe,CV,14.8961,-24.4956,72.84,68,100,4.76,overcast clouds
44,Male,MV,4.1748,73.5089,82.35,78,75,9.22,broken clouds
45,Barrow,US,71.2906,-156.7887,-18.38,69,0,0.0,clear sky
46,Namatanai,PG,-3.6667,152.4333,84.65,69,89,8.99,light rain
47,Oudtshoorn,ZA,-33.5907,22.2014,66.56,82,100,1.5,overcast clouds
48,Nikolskoye,RU,59.7035,30.7861,24.69,99,95,2.82,overcast clouds
49,Kapaa,US,22.0752,-159.319,79.12,67,0,3.0,clear sky
50,Salalah,OM,17.0151,54.0924,68.09,34,0,11.5,clear sky
51,Hithadhoo,MV,-0.6,73.0833,81.82,71,14,5.68,few clouds
52,Avarua,CK,-21.2078,-159.775,82.45,74,100,14.97,overcast clouds
53,Jiwani,PK,25.05,61.7417,64.29,51,0,5.86,clear sky
54,Binzhou,CN,37.3667,118.0167,37.38,62,100,8.01,overcast clouds
55,Beroroha,MG,-21.6667,45.1667,72.72,82,95,4.36,overcast clouds
56,Cape Town,ZA,-33.9258,18.4232,67.26,82,63,1.01,broken clouds
57,Santa Cruz,BO,-17.8,-63.1667,76.46,94,75,8.05,broken clouds
58,Qaanaaq,GL,77.484,-69.3632,3.43,68,100,7.2,overcast clouds
59,Matay,EG,28.419,30.7792,48.74,40,0,6.15,clear sky
60,Paamiut,GL,61.994,-49.6678,11.97,84,100,18.32,overcast clouds
61,Jati,PK,24.3539,68.2671,58.46,52,0,7.09,clear sky
62,Melk,AT,48.2274,15.3319,38.66,86,100,4.9,overcast clouds
63,Lagoa,PT,39.05,-27.9833,60.3,75,100,17.54,overcast clouds
64,Faanui,PF,-16.4833,-151.75,81.63,78,75,14.34,light rain
65,Boffa,GN,10.1667,-14.0333,73.51,73,16,4.63,few clouds
66,Butare,RW,-2.5967,29.7394,56.35,88,100,3.0,overcast clouds
67,Ribeira Grande,PT,38.5167,-28.7,61.16,78,100,22.32,overcast clouds
68,Port Blair,IN,11.6667,92.75,82.13,67,89,12.55,overcast clouds
69,Colac,AU,-38.3333,143.5833,82.62,23,24,2.55,few clouds
70,Arman,RU,59.7,150.1667,17.02,82,100,9.48,overcast clouds
71,Leningradskiy,RU,69.3833,178.4167,-17.07,92,51,1.92,broken clouds
72,Corner Brook,CA,48.9667,-57.9484,33.93,95,100,15.68,snow
73,Mahon,ES,39.8885,4.2658,52.36,87,100,4.61,overcast clouds
74,Torbay,CA,47.6666,-52.7314,30.58,79,100,4.0,overcast clouds
75,Thompson,CA,55.7435,-97.8558,-21.84,69,0,12.66,clear sky
76,Cabo San Lucas,MX,22.8909,-109.9124,72.52,80,100,2.46,overcast clouds
77,Saldanha,ZA,-33.0117,17.9442,64.45,92,22,6.42,few clouds
78,Saint-Philippe,RE,-21.3585,55.7679,78.39,84,97,12.21,light rain
79,Valkeala,FI,60.9401,26.7979,9.0,92,0,5.75,clear sky
80,Trelew,AR,-43.249,-65.3051,67.96,50,7,6.96,clear sky
81,Sechura,PE,-5.5569,-80.8222,72.1,76,62,12.71,broken clouds
82,Atuona,PF,-9.8,-139.0333,78.17,78,89,16.84,light rain
83,Kjollefjord,NO,70.9457,27.3465,30.9,71,97,20.89,overcast clouds
84,Hella,NO,67.2,14.4333,21.34,72,0,16.11,clear sky
85,Lompoc,US,34.6391,-120.4579,55.78,86,0,0.0,clear sky
86,Provideniya,RU,64.3833,-173.3,6.91,72,0,20.13,clear sky
87,Bandarbeyla,SO,9.4942,50.8122,75.42,64,73,18.37,broken clouds
88,Masvingo,ZW,-20.0637,30.8277,60.73,93,98,5.55,overcast clouds
89,Havoysund,NO,70.9963,24.6622,31.08,69,100,20.04,light snow
90,Oyama,JP,36.3,139.8,48.52,49,94,4.36,overcast clouds
91,Methoni,GR,36.8197,21.7049,49.21,64,91,2.77,overcast clouds
92,Arraial Do Cabo,BR,-22.9661,-42.0278,68.58,93,100,5.01,light rain
93,Adrar,MR,20.5022,-10.0711,57.22,14,100,5.99,overcast clouds
94,Myitkyina,MM,25.3833,97.4,69.08,47,0,1.88,clear sky
95,Moss Point,US,30.4116,-88.5345,64.08,100,40,5.75,scattered clouds
96,Yar-Sale,RU,66.8333,70.8333,-10.88,96,46,7.99,scattered clouds
97,Rabaul,PG,-4.1967,152.1721,82.63,73,100,12.15,overcast clouds
98,Pula,HR,44.8683,13.8481,45.14,56,0,9.22,clear sky
99,Igbo Ora,NG,7.4333,3.2833,76.44,31,43,0.51,scattered clouds
100,Tessalit,ML,20.1986,1.0114,55.26,20,25,9.51,scattered clouds
101,Cherskiy,RU,68.75,161.3,-13.04,97,100,1.92,overcast clouds
102,Hot Springs,US,34.5037,-93.0552,44.31,54,0,4.0,clear sky
103,Muros,ES,42.7762,-9.0603,57.09,96,100,5.95,overcast clouds
104,Kahului,US,20.8947,-156.47,80.62,70,40,6.91,scattered clouds
105,Brae,GB,60.3964,-1.353,42.71,78,100,24.65,overcast clouds
106,Dikson,RU,73.5069,80.5464,-11.54,100,98,4.36,overcast clouds
107,Clarence Town,AU,-32.5833,151.7833,88.34,45,4,4.38,clear sky
108,Port Elizabeth,ZA,-33.918,25.5701,71.1,83,0,14.97,clear sky
109,Ridgecrest,US,35.6225,-117.6709,53.42,32,0,1.99,clear sky
110,San Patricio,US,28.017,-97.5169,66.29,60,100,20.54,overcast clouds
111,Lieto,FI,60.5103,22.4618,21.7,93,100,8.05,overcast clouds
112,Lasa,IT,46.6166,10.7002,25.68,84,80,5.82,broken clouds
113,Saskylakh,RU,71.9167,114.0833,-0.94,95,85,8.43,overcast clouds
114,Kruisfontein,ZA,-34.0033,24.7314,67.89,76,100,13.22,overcast clouds
115,Teguldet,RU,57.3064,88.1667,9.97,89,100,10.58,overcast clouds
116,Sao Jose Da Coroa Grande,BR,-8.8978,-35.1478,78.19,84,23,5.82,few clouds
117,Elat,IL,29.5581,34.9482,58.48,56,35,10.16,scattered clouds
118,Tasiilaq,GL,65.6145,-37.6368,33.1,77,100,51.47,snow
119,Mahebourg,MU,-20.4081,57.7,77.25,94,75,3.44,broken clouds
120,Carcassonne,FR,43.25,2.1667,47.64,96,100,5.75,mist
121,Kavieng,PG,-2.5744,150.7967,84.22,69,100,7.74,overcast clouds
122,Kirakira,SB,-10.4544,161.9205,85.53,71,63,11.9,broken clouds
123,Hasaki,JP,35.7333,140.8333,48.6,66,100,17.9,overcast clouds
124,Katsuura,JP,35.1333,140.3,51.19,78,100,19.39,overcast clouds
125,Sonamura,IN,23.4719,91.2664,59.0,55,0,4.56,clear sky
126,Necochea,AR,-38.5473,-58.7368,77.04,46,88,18.86,overcast clouds
127,Shakhtinsk,KZ,49.71,72.5872,-11.76,100,90,4.54,overcast clouds
128,Bethel,US,41.3712,-73.414,38.25,91,100,1.99,overcast clouds
129,Itoman,JP,26.1247,127.6694,70.18,66,20,8.05,few clouds
130,Luwuk,ID,-0.9516,122.7875,87.03,61,100,3.13,overcast clouds
131,Ugoofaaru,MV,5.6667,73.0,80.94,74,100,8.93,overcast clouds
132,Senanga,ZM,-16.1167,23.2667,66.04,95,100,4.76,light rain
133,Kaitangata,NZ,-46.2817,169.8464,66.92,88,41,8.66,scattered clouds
134,Pittsburg,US,38.028,-121.8847,54.18,86,0,1.99,clear sky
135,Byron Bay,AU,-28.65,153.6167,86.11,66,54,9.82,broken clouds
136,Saint-Pierre,RE,-21.3393,55.4781,78.48,77,20,4.61,few clouds
137,Rock Sound,BS,24.9,-76.2,75.7,76,99,19.6,overcast clouds
138,Were Ilu,ET,10.6,39.4333,51.82,72,91,4.14,overcast clouds
139,Chuy,UY,-33.6971,-53.4616,68.2,81,0,10.29,clear sky
140,Tuatapere,NZ,-46.1333,167.6833,68.83,68,67,5.61,broken clouds
141,Asau,RO,46.4333,26.4,36.39,95,100,4.23,light snow
142,Johnson City,US,36.3134,-82.3535,49.17,66,100,3.44,light rain
143,Sola,VU,-13.8833,167.55,82.8,75,100,14.03,overcast clouds
144,Udachnyy,RU,66.4167,112.4,0.45,77,100,16.31,overcast clouds
145,Severo-Kurilsk,RU,50.6789,156.125,31.12,89,88,8.59,overcast clouds
146,Port-Cartier,CA,50.0334,-66.8654,23.11,93,84,5.88,broken clouds
147,Mayumba,GA,-3.432,10.6554,76.62,93,99,5.59,overcast clouds
148,Labuhan,ID,-6.8844,112.2051,85.68,67,94,6.98,overcast clouds
149,Meadow Lake,US,34.8014,-106.5436,41.11,54,0,4.7,clear sky
150,Ust-Ishim,RU,57.6935,71.1665,6.4,86,100,9.1,overcast clouds
151,Buraydah,SA,26.326,43.975,61.25,38,67,8.95,broken clouds
152,Galveston,US,29.3669,-94.9669,61.03,85,93,8.01,overcast clouds
153,Naze,JP,28.3667,129.4833,61.72,71,98,8.03,overcast clouds
154,Coahuayana,MX,18.7333,-103.6833,81.88,77,81,2.57,broken clouds
155,Te Anau,NZ,-45.4167,167.7167,71.04,62,81,5.91,broken clouds
156,Goundam,ML,16.4145,-3.6708,61.03,13,94,8.84,overcast clouds
157,Kodiak,US,57.79,-152.4072,27.21,74,100,17.43,overcast clouds
158,Hami,CN,42.8,93.45,25.36,46,0,3.83,clear sky
159,Eureka,US,40.8021,-124.1637,51.21,79,95,1.01,overcast clouds
160,Agadez,NE,19.75,10.25,46.13,29,0,10.09,clear sky
161,Bonfim,BR,3.0833,-59.95,78.42,55,85,4.38,overcast clouds
162,Deputatskiy,RU,69.3,139.9,-26.48,94,7,5.44,clear sky
163,Belgrade,RS,44.804,20.4651,31.66,92,100,11.5,overcast clouds
164,Saint Anthony,US,45.0205,-93.218,7.14,62,100,4.0,overcast clouds
165,Koygorodok,RU,60.445,50.9968,19.62,90,100,10.31,overcast clouds
166,Cozumel,MX,20.5083,-86.9458,75.99,88,92,1.01,overcast clouds
167,Moville,US,42.4889,-96.0725,20.46,48,10,8.57,clear sky
168,Inongo,CD,-1.95,18.2667,73.4,89,87,3.18,overcast clouds
169,Turuvekere,IN,13.1642,76.6667,69.35,78,47,5.3,scattered clouds
170,Roma,US,43.2128,-75.4557,31.95,91,100,1.99,mist
171,Tokonou,GN,9.65,-9.7833,66.58,27,21,4.18,few clouds
172,Nuuk,GL,64.1835,-51.7216,9.88,94,100,4.47,light snow
173,Barabinsk,RU,55.3571,78.357,-9.87,98,27,6.98,scattered clouds
174,Jibuti,DJ,11.5,42.5,69.22,72,7,14.9,clear sky
175,Wadi Maliz,TN,36.4681,8.5495,55.85,86,85,25.23,overcast clouds
176,Praia Da Vitoria,PT,38.7333,-27.0667,60.76,94,75,17.74,broken clouds
177,Hambantota,LK,6.1241,81.1185,75.54,100,75,6.91,broken clouds
178,Mossendjo,CG,-2.9506,12.7261,70.34,99,99,2.73,overcast clouds
179,Kamaishi,JP,39.2667,141.8833,31.15,52,61,1.54,broken clouds
180,East London,ZA,-33.0153,27.9116,71.02,89,99,3.04,overcast clouds
181,Matara,LK,5.9485,80.5353,75.0,91,100,9.08,overcast clouds
182,Lorengau,PG,-2.0226,147.2712,83.48,70,99,9.55,overcast clouds
183,Maniitsoq,GL,65.4167,-52.9,12.54,83,100,10.25,light snow
184,Esperance,AU,-33.8667,121.9,67.84,59,74,15.99,broken clouds
185,Aklavik,CA,68.2191,-135.0107,-26.57,99,12,2.57,few clouds
186,Tautira,PF,-17.7333,-149.15,78.82,82,87,22.75,light rain
187,Sistranda,NO,63.7256,8.834,31.96,66,0,9.33,clear sky
188,Nalut,LY,30.3333,10.85,42.58,36,28,15.26,scattered clouds
189,Toora-Khem,RU,52.4675,96.11,-0.99,96,83,0.29,broken clouds
190,Ardmore,US,34.1743,-97.1436,41.65,42,0,3.0,clear sky
191,Paita,PE,-5.0892,-81.1144,71.71,79,43,10.98,scattered clouds
192,Wuwei,CN,37.9281,102.6414,26.29,50,0,4.43,clear sky
193,Disna,BY,55.568,28.1971,18.63,98,100,4.94,overcast clouds
194,Tazovskiy,RU,67.4667,78.7,-4.5,96,100,11.52,overcast clouds
195,Caravelas,BR,-17.7125,-39.2481,77.07,88,100,8.97,overcast clouds
196,Rio Gallegos,AR,-51.6226,-69.2181,53.65,50,75,5.75,broken clouds
197,Hobart,AU,-42.8794,147.3294,76.12,73,75,1.01,broken clouds
198,Zabaykalsk,RU,49.6333,117.3167,-5.64,81,17,6.02,few clouds
199,Longyearbyen,SJ,78.2186,15.6401,21.04,79,75,9.22,broken clouds
200,Puerto Ayora,EC,-0.7393,-90.3518,72.88,89,100,6.06,overcast clouds
201,Port Augusta,AU,-32.5,137.7667,101.71,11,99,6.08,overcast clouds
202,Mangrol,IN,21.1167,70.1167,59.32,59,0,10.16,clear sky
203,Morehead,US,37.2711,-87.1764,30.99,64,0,1.99,clear sky
204,Geraldton,AU,-28.7667,114.6,90.01,18,0,14.97,clear sky
205,Ponta Do Sol,PT,32.6667,-17.1,63.23,30,100,8.37,overcast clouds
206,Abu Kamal,SY,34.4506,40.9171,52.03,85,100,3.65,overcast clouds
207,Olafsvik,IS,64.8945,-23.7142,40.3,90,100,27.85,heavy intensity rain
208,Nanortalik,GL,60.1432,-45.2371,18.61,78,94,31.9,overcast clouds
209,Calvia,ES,39.5657,2.5062,59.92,77,100,18.75,overcast clouds
210,Altay,CN,47.8667,88.1167,15.48,81,90,3.6,overcast clouds
211,Caramay,PH,10.1815,119.236,83.44,69,26,5.44,scattered clouds
212,Chongwe,ZM,-15.3292,28.682,65.03,97,100,2.06,overcast clouds
213,Auriflama,BR,-20.6856,-50.5547,64.83,94,2,6.51,clear sky
214,Dunedin,NZ,-45.8742,170.5036,66.18,71,29,9.98,scattered clouds
215,Gizel,RU,43.04,44.5708,28.62,100,22,4.47,fog
216,Ixtapa,MX,20.7,-105.2,71.22,87,70,2.89,broken clouds
217,Sri Aman,MY,1.2376,111.4621,82.45,83,40,2.3,light rain
218,San Quintin,MX,30.4833,-115.95,59.49,72,10,5.91,clear sky
219,Dhuri,IN,30.3667,75.8667,53.11,93,2,3.0,clear sky
220,Marrakesh,MA,31.6315,-8.0083,44.67,53,0,2.3,clear sky
221,Meulaboh,ID,4.1363,96.1285,76.37,90,100,4.97,very heavy rain
222,Talara,PE,-4.5772,-81.2719,70.56,85,78,10.96,broken clouds
223,Innisfail,AU,-17.5333,146.0333,80.56,87,98,8.08,overcast clouds
224,Tarauaca,BR,-8.1614,-70.7656,73.24,100,100,1.83,moderate rain
225,Les Cayes,HT,18.2,-73.75,72.79,83,43,4.23,scattered clouds
226,Juneau,US,58.3019,-134.4197,24.8,88,100,5.75,snow
227,Alghero,IT,40.5589,8.3181,51.89,66,75,11.5,broken clouds
228,Hofn,IS,64.2539,-15.2082,40.44,94,100,24.92,heavy intensity rain
229,Chapais,CA,49.7834,-74.8492,-6.02,89,100,13.22,overcast clouds
230,Kieta,PG,-6.2167,155.6333,84.51,75,60,11.1,light rain
231,Poum,NC,-20.2333,164.0167,82.53,71,22,7.56,few clouds
232,Palmer,US,42.1584,-72.3287,38.46,83,100,1.99,overcast clouds
233,Sitka,US,57.0531,-135.33,39.22,99,100,6.64,overcast clouds
234,Caarapo,BR,-22.6342,-54.8222,68.74,74,30,8.01,scattered clouds
235,Nouadhibou,MR,20.931,-17.0347,67.98,49,100,8.05,overcast clouds
236,Tilichiki,RU,60.4667,166.1,-4.77,92,20,7.74,few clouds
237,Boende,CD,-0.2167,20.8667,74.48,75,97,1.86,overcast clouds
238,Inta,RU,66.0317,60.1659,4.71,86,100,13.8,overcast clouds
239,Constitucion,CL,-35.3333,-72.4167,57.65,92,31,6.51,scattered clouds
240,Talnakh,RU,69.4865,88.3972,-5.8,97,100,5.53,light snow
241,Ambatolampy,MG,-19.3833,47.4167,60.57,96,100,4.29,overcast clouds
242,Tuktoyaktuk,CA,69.4541,-133.0374,-23.8,69,75,10.36,broken clouds
243,Guaratuba,BR,-25.8828,-48.5747,73.8,91,100,4.41,light rain
244,Ostrovnoy,RU,68.0531,39.5131,27.1,75,100,19.48,light snow
245,Kenai,US,60.5544,-151.2583,14.09,44,100,11.5,overcast clouds
246,Ferme-Neuve,CA,46.7001,-75.4493,15.58,79,93,12.57,overcast clouds
247,Tulum,MX,20.2167,-87.4667,75.97,89,68,3.85,broken clouds
248,Syasstroy,RU,60.1367,32.5691,6.3,99,100,4.29,overcast clouds
249,Villa Guerrero,MX,18.8667,-99.65,61.5,58,35,5.21,scattered clouds
250,Lebu,CL,-37.6167,-73.65,58.14,94,5,6.11,clear sky
251,Bagotville,AU,-28.9833,153.4167,86.02,72,12,10.36,few clouds
252,Georgetown,MY,5.4112,100.3354,85.93,66,20,8.01,few clouds
253,Kulhudhuffushi,MV,6.6221,73.07,80.46,74,98,10.04,overcast clouds
254,Cockburn Town,TC,21.4612,-71.1419,78.6,73,20,22.39,few clouds
255,Shirokiy,RU,49.758,129.523,-14.8,96,99,2.98,overcast clouds
256,Shakawe,BW,-18.3667,21.85,67.06,95,100,8.16,light rain
257,Bathsheba,BB,13.2167,-59.5167,77.61,61,20,18.41,few clouds
258,Isangel,VU,-19.55,169.2667,86.11,79,75,13.8,broken clouds
259,Souillac,MU,-20.5167,57.5167,76.35,94,75,3.44,broken clouds
260,Panaba,MX,21.2833,-88.2667,70.36,88,4,7.31,clear sky
261,Yabelo,ET,4.8833,38.0833,59.14,66,12,8.23,few clouds
262,Sovetskiy,RU,61.3614,63.5842,10.18,92,100,8.86,overcast clouds
263,Rio De Janeiro,BR,-22.9028,-43.2075,72.91,91,100,4.61,moderate rain
264,Komsomolskiy,UZ,40.4272,71.7189,38.12,65,75,4.61,haze
265,Kingsland,US,30.8,-81.6898,68.92,92,75,3.69,broken clouds
266,Lima,PE,-12.0432,-77.0282,71.85,73,0,17.27,clear sky
267,Vanderhoof,CA,54.0166,-124.0198,19.35,98,100,1.72,overcast clouds
268,Hamilton,US,39.1834,-84.5333,29.08,65,47,4.0,scattered clouds
269,Puerto Madryn,AR,-42.7692,-65.0385,66.34,64,5,9.13,clear sky
270,Neftcala,AZ,39.3742,49.2472,46.63,85,96,6.93,overcast clouds
271,Harer,ET,9.3094,42.1258,57.96,70,12,4.14,few clouds
272,Klaksvik,FO,62.2266,-6.589,43.72,86,100,39.15,overcast clouds
273,Sehithwa,BW,-20.4667,22.7167,67.41,92,100,7.45,light rain
274,Sungaipenuh,ID,-2.0833,101.3833,71.17,86,100,0.94,overcast clouds
275,Saint-Louis,SN,16.3333,-15.0,74.61,13,100,7.29,overcast clouds
276,Assiniboia,CA,49.6334,-105.9845,-2.29,71,48,8.05,scattered clouds
277,Limbang,MY,4.75,115.0,86.11,58,27,1.07,scattered clouds
278,Walvis Bay,NA,-22.9575,14.5053,63.09,88,71,3.44,broken clouds
279,Santa Elena,EC,-2.2333,-80.85,74.52,78,94,9.4,overcast clouds
280,Puerto Gaitan,CO,4.3133,-72.0816,79.99,50,77,7.85,broken clouds
281,Puerto Carreno,CO,6.189,-67.4859,77.16,46,89,7.99,overcast clouds
282,Inirida,CO,3.8653,-67.9239,73.85,68,93,2.55,overcast clouds
283,Krasnyy Yar,RU,46.5331,48.3456,31.96,89,83,16.17,broken clouds
284,Nerchinskiy Zavod,RU,51.3088,119.61,-11.76,85,29,1.1,scattered clouds
285,Phangnga,TH,8.4509,98.5298,82.44,61,96,5.3,overcast clouds
286,Gat,IL,31.61,34.7642,54.91,54,0,8.86,clear sky
287,Tiksi,RU,71.6872,128.8694,-2.97,85,100,23.09,overcast clouds
288,Lafia,NG,8.4833,8.5167,76.23,27,100,4.34,overcast clouds
289,Zeya,RU,53.75,127.2667,-4.79,60,99,2.98,overcast clouds
290,Quelimane,MZ,-17.8786,36.8883,76.95,94,40,0.0,scattered clouds
291,Ilulissat,GL,69.2167,-51.1,6.96,89,100,6.53,overcast clouds
292,Bahia Honda,CU,22.9036,-83.1592,73.9,83,100,7.09,overcast clouds
293,Pavlovskiy,RU,57.8424,54.8436,12.02,92,100,12.82,snow
294,Cidreira,BR,-30.1811,-50.2056,72.0,74,31,15.93,scattered clouds
295,Anadyr,RU,64.75,177.4833,-16.1,76,0,17.9,clear sky
296,Namibe,AO,-15.1961,12.1522,64.67,80,55,5.46,broken clouds
297,Mecca,SA,21.4267,39.8261,72.7,76,5,1.1,clear sky
298,Miles City,US,46.4083,-105.8406,21.51,91,12,1.77,few clouds
299,Sobolevo,RU,54.4299,31.8996,20.89,96,100,7.81,snow
300,Batagay-Alyta,RU,67.8006,130.4114,-20.61,85,78,3.2,broken clouds
301,Gejiu,CN,23.306,103.1635,52.09,68,3,6.02,clear sky
302,High Prairie,CA,55.4334,-116.4858,2.5,94,100,5.35,overcast clouds
303,Halifax,CA,44.6453,-63.5724,44.65,94,100,8.01,overcast clouds
304,Skibotn,NO,69.3913,20.2679,21.29,89,27,8.66,scattered clouds
305,Yumen,CN,40.2833,97.2,21.24,53,0,7.31,clear sky
306,Saint George,US,37.1041,-113.5841,50.47,42,0,5.01,clear sky
307,Jalu,LY,29.0331,21.5482,50.34,59,9,13.73,clear sky
308,Maldonado,UY,-34.6667,-54.9167,69.22,84,14,11.43,few clouds
309,Tura,IN,25.5198,90.2201,69.31,50,20,1.14,few clouds
310,Mtimbira,TZ,-8.7833,36.35,71.37,96,100,1.12,overcast clouds
311,High Level,CA,58.5169,-117.136,-9.29,77,100,2.3,light snow
312,Dabakala,CI,8.3667,-4.4333,73.94,22,20,4.92,few clouds
313,Srednekolymsk,RU,67.45,153.6833,-14.62,99,100,3.87,overcast clouds
314,Yulara,AU,-25.2406,130.9889,103.84,11,42,10.36,scattered clouds
315,Pervomayskiy,RU,53.2485,40.2871,21.13,89,100,12.8,snow
316,Yakeshi,CN,49.2833,120.7333,-11.36,96,89,4.16,overcast clouds
317,Ust-Maya,RU,60.4167,134.5333,-32.78,95,86,0.51,overcast clouds
318,Luanda,AO,-8.8368,13.2343,75.2,88,40,8.05,scattered clouds
319,Biak,ID,-0.9131,122.8766,84.49,61,100,1.57,overcast clouds
320,Nhulunbuy,AU,-12.2333,136.7667,92.01,58,40,10.36,scattered clouds
321,Aloleng,PH,16.1307,119.7824,81.36,63,58,9.1,broken clouds
322,Codrington,AU,-38.2667,141.9667,74.14,54,81,15.61,broken clouds
323,Cuenca,EC,-2.8833,-78.9833,55.53,100,75,6.91,light rain
324,Libreville,GA,0.3925,9.4537,78.82,87,100,6.11,overcast clouds
325,Avera,US,33.194,-82.5271,60.71,98,100,8.59,moderate rain
326,Del Rio,US,29.3627,-100.8968,54.43,42,100,3.0,overcast clouds
327,Suez,EG,29.9737,32.5263,52.48,44,0,6.22,clear sky
328,Sibu,MY,2.3,111.8167,84.51,83,20,3.0,few clouds
329,Vila Franca Do Campo,PT,37.7167,-25.4333,61.21,78,90,10.42,overcast clouds
330,Cayenne,GF,4.9333,-52.3333,79.09,81,0,1.01,clear sky
331,Bambous Virieux,MU,-20.3428,57.7575,76.21,94,75,3.44,broken clouds
332,Hualmay,PE,-11.0964,-77.6139,70.52,82,26,9.44,scattered clouds
333,Cortland,US,42.6001,-76.083,33.8,69,100,13.8,light snow
334,Leh,IN,34.1667,77.5833,8.67,75,100,5.08,overcast clouds
335,Dingle,PH,10.9995,122.6711,83.39,73,77,8.61,broken clouds
336,Rafsanjan,IR,30.4067,55.9939,41.45,41,2,1.39,clear sky
337,Mount Gambier,AU,-37.8333,140.7667,87.71,22,78,6.91,broken clouds
338,Pisco,PE,-13.7,-76.2167,69.85,88,40,13.8,scattered clouds
339,Mount Isa,AU,-20.7333,139.5,101.97,21,99,12.66,overcast clouds
340,Gambela,ET,8.25,34.5833,77.85,54,12,3.58,few clouds
341,Astoria,US,46.1879,-123.8313,50.92,97,95,8.79,overcast clouds
342,Wukari,NG,7.85,9.7833,74.34,22,99,7.63,overcast clouds
343,Yeppoon,AU,-23.1333,150.7333,85.78,60,41,15.52,scattered clouds
344,Vao,NC,-22.6667,167.4833,77.43,77,0,21.72,clear sky
345,Trenggalek,ID,-8.05,111.7167,84.04,70,100,2.01,overcast clouds
346,Valparaiso,CL,-33.0393,-71.6273,66.47,77,75,2.3,broken clouds
347,Narsaq,GL,60.9167,-46.05,13.33,88,97,3.47,overcast clouds
348,Bovenden,DE,51.5833,9.9333,38.98,82,98,4.0,overcast clouds
349,Santa Maria,BR,-29.6842,-53.8069,70.9,73,0,10.36,clear sky
350,Vanimo,PG,-2.6741,141.3028,83.75,71,93,5.3,overcast clouds
351,Kenora,CA,49.8167,-94.4337,-14.82,69,0,8.05,clear sky
352,Kavaratti,IN,10.5669,72.642,80.06,68,98,9.57,overcast clouds
353,Rwamagana,RW,-1.9487,30.4347,62.04,89,100,2.33,overcast clouds
354,Venice,US,27.0998,-82.4543,73.98,87,100,0.0,overcast clouds
355,Dongkan,CN,33.9997,119.8308,43.83,68,100,2.35,overcast clouds
356,Daru,PG,-9.0763,143.2092,87.75,60,100,5.59,overcast clouds
357,Coolum Beach,AU,-26.5333,153.1,83.34,70,54,12.01,broken clouds
358,Verkhnyaya Sinyachikha,RU,57.976,61.6673,13.32,84,100,9.44,overcast clouds
359,Pevek,RU,69.7008,170.3133,-14.48,100,97,3.42,overcast clouds
360,Airai,TL,-8.9266,125.4092,71.74,73,43,2.68,scattered clouds
361,Marquette,US,46.5333,-87.6335,4.68,76,100,14.12,overcast clouds
362,Kindu,CD,-2.95,25.95,69.8,99,100,1.45,overcast clouds
363,Sorland,NO,67.667,12.6934,32.52,65,6,7.56,clear sky
364,Vanavara,RU,60.34,102.2797,8.65,93,100,8.46,light snow
365,Silvan,TR,38.1419,41.0081,44.89,91,100,7.65,light rain
366,Wladyslawowo,PL,54.7909,18.4009,27.93,79,93,9.04,overcast clouds
367,Viedma,AR,-40.8135,-62.9967,68.94,68,0,12.8,clear sky
368,Pimenta Bueno,BR,-11.6725,-61.1936,71.96,98,100,3.62,light rain
369,Kyaikto,MM,17.3,97.0167,78.22,51,6,3.09,clear sky
370,Atambua,ID,-9.1061,124.8925,82.42,69,61,4.9,broken clouds
371,Irbit,RU,57.6705,63.071,9.46,90,99,10.78,overcast clouds
372,Vardo,NO,70.3705,31.1107,29.91,77,99,28.5,overcast clouds
373,Gladstone,AU,-23.85,151.25,88.79,58,75,17.27,broken clouds
374,Seybaplaya,MX,19.65,-90.6667,75.16,81,89,5.28,overcast clouds
375,Sabang,ID,5.8933,95.3214,80.73,75,70,8.52,light rain
376,Tame,CO,6.461,-71.73,78.28,53,89,4.83,overcast clouds
377,Goderich,CA,43.7501,-81.7165,19.9,68,100,24.16,overcast clouds
378,Kaeo,NZ,-35.1,173.7833,77.32,75,99,6.71,overcast clouds
379,Araquari,BR,-26.3703,-48.7211,71.11,94,100,2.3,light rain
380,Masaya,NI,11.9744,-86.0942,76.66,76,0,10.74,clear sky
381,Ukhta,RU,63.5671,53.6835,13.51,94,100,5.75,light snow
382,Dalby,AU,-27.1833,151.2667,90.99,31,0,3.0,clear sky
383,Podosinovets,RU,60.2776,47.0659,19.58,94,100,8.1,overcast clouds
384,Seymchan,RU,62.8833,152.4333,-18.54,98,76,1.19,broken clouds
385,Iqaluit,CA,63.7506,-68.5145,-25.31,74,0,10.0,clear sky
386,Matias Barbosa,BR,-21.8692,-43.3194,64.98,99,100,2.89,light rain
387,Norman Wells,CA,65.282,-126.8329,-29.16,68,75,5.75,broken clouds
388,Tezu,IN,27.9167,96.1667,71.56,39,81,1.34,broken clouds
389,Vidalia,US,32.2177,-82.4135,69.15,94,100,4.61,heavy intensity rain
390,Dingtao,CN,35.0683,115.5625,43.47,67,100,6.49,overcast clouds
391,Verkhnyaya Khava,RU,51.8404,39.9413,26.67,90,100,11.63,snow
392,Beira,MZ,-19.8436,34.8389,75.16,87,54,3.49,light rain
393,Mahibadhoo,MV,3.7833,72.9667,81.16,74,79,8.25,broken clouds
394,Temerloh,MY,3.4483,102.4176,81.54,69,100,2.93,overcast clouds
395,Mampong,GH,7.0627,-1.4001,70.16,34,59,1.77,broken clouds
396,Victoria,HK,22.2855,114.1577,68.25,79,99,5.99,overcast clouds
397,Taltal,CL,-25.4,-70.4833,67.14,79,37,3.87,scattered clouds
398,Lavrentiya,RU,65.5833,-171.0,-11.16,83,2,10.94,clear sky
399,Nyurba,RU,63.2842,118.3319,-25.31,96,44,4.0,scattered clouds
400,Bambanglipuro,ID,-7.95,110.2833,84.4,69,98,8.03,overcast clouds
401,Port Macquarie,AU,-31.4333,152.9167,84.16,64,6,12.1,clear sky
402,Arlit,NE,18.7369,7.3853,53.49,20,37,5.75,scattered clouds
403,Shingu,JP,33.7333,135.9833,56.39,49,0,3.13,clear sky
404,Suluq,LY,31.6682,20.2521,56.01,52,100,21.43,overcast clouds
405,Shangzhi,CN,45.2167,127.9667,7.93,88,100,3.38,overcast clouds
406,Oume,JP,35.7839,139.2431,47.86,52,56,6.24,broken clouds
407,Coihaique,CL,-45.5752,-72.0662,60.75,59,100,8.05,overcast clouds
408,Abha,SA,18.2164,42.5053,51.62,87,0,0.0,clear sky
409,Maun,BW,-19.9833,23.4167,67.14,94,100,5.97,light rain
410,Harper,LR,4.375,-7.7169,78.31,85,100,2.64,light rain
411,Nome,US,64.5011,-165.4064,3.78,47,0,24.25,clear sky
412,Bonavista,CA,48.6499,-53.1147,30.11,91,100,24.61,snow
413,Mogwase,ZA,-25.185,27.2665,64.85,58,62,1.5,broken clouds
414,Taoudenni,ML,22.6783,-3.9836,53.29,20,98,10.2,overcast clouds
415,Brewster,US,41.3973,-73.6171,38.3,96,100,1.99,overcast clouds
416,Knysna,ZA,-34.0363,23.0471,70.18,70,100,4.38,overcast clouds
417,Kushiro,JP,42.975,144.3747,27.25,63,5,6.89,clear sky
418,Hilton Head Island,US,32.2163,-80.7526,66.31,89,40,13.8,scattered clouds
419,Hirara,JP,24.8,125.2833,69.46,70,91,18.99,overcast clouds
420,Elko,US,41.0002,-115.5012,24.06,92,8,5.84,clear sky
421,Guaruja,BR,-23.9931,-46.2564,75.16,26,50,3.62,light rain
422,Montepuez,MZ,-13.1256,38.9997,66.69,98,100,3.36,overcast clouds
423,Sakakah,SA,29.9697,40.2064,61.07,63,100,15.1,overcast clouds
424,Bauska,LV,56.4075,24.1906,24.55,96,96,3.29,overcast clouds
425,Comodoro Rivadavia,AR,-45.8667,-67.5,75.06,29,0,21.85,clear sky
426,Sao Joao Da Barra,BR,-21.6403,-41.0511,69.64,96,100,8.39,overcast clouds
427,Naryan-Mar,RU,67.6713,53.087,-7.64,100,88,6.87,overcast clouds
428,Waipawa,NZ,-41.4122,175.5153,70.43,59,99,1.68,overcast clouds
429,Port Hawkesbury,CA,45.6169,-61.3485,43.18,95,100,8.99,moderate rain
430,Lubumbashi,CD,-11.6609,27.4794,61.56,99,91,3.18,overcast clouds
431,Coldwater,US,41.9403,-85.0005,19.49,68,100,8.05,overcast clouds
432,Yokadouma,CM,3.5167,15.05,68.79,39,73,2.35,broken clouds
433,Fukue,JP,32.6881,128.8419,51.58,56,22,6.08,few clouds
434,Mildura,AU,-34.2,142.15,103.06,27,0,7.11,clear sky
435,Grindavik,IS,63.8424,-22.4338,37.87,93,100,19.57,overcast clouds
436,Morros,BR,-9.4467,-46.3003,70.12,94,100,2.77,moderate rain
437,Khilok,RU,51.3674,110.4676,-2.81,76,5,2.19,clear sky
438,Aktau,KZ,43.65,51.2,34.38,76,74,19.89,broken clouds
439,Kaminskiy,RU,57.1516,41.4732,19.04,96,100,4.25,light snow
440,Ati,TD,13.2154,18.3353,66.0,24,11,9.71,few clouds
441,Tias,ES,28.9611,-13.645,64.15,42,0,8.05,clear sky
442,Fort Nelson,CA,58.8053,-122.7002,-11.58,99,100,1.45,overcast clouds
443,Tambopata,PE,-12.7333,-69.1833,73.0,99,100,2.75,overcast clouds
444,Bairiki,KI,1.3292,172.9752,81.73,76,100,13.76,overcast clouds
445,Kolarovo,SK,47.9229,17.9847,31.73,96,100,3.83,overcast clouds
446,Areosa,PT,41.7178,-8.8571,56.46,95,99,7.58,overcast clouds
447,Quatre Cocos,MU,-20.2078,57.7625,75.09,78,82,9.93,broken clouds
448,La Ronge,CA,55.1001,-105.2842,-18.9,96,42,6.02,scattered clouds
449,Mersing,MY,2.4312,103.8405,81.63,71,100,12.73,overcast clouds
450,Mogadishu,SO,2.0371,45.3438,76.69,80,62,19.33,broken clouds
451,Whitianga,NZ,-36.8333,175.7,79.11,49,97,10.04,overcast clouds
452,Flinders,AU,-34.5833,150.8552,83.17,80,81,3.0,broken clouds
453,Ancud,CL,-41.8697,-73.8203,59.43,95,7,4.38,clear sky
454,Novichikha,RU,52.204,81.3877,4.46,97,99,6.44,overcast clouds
455,Lazaro Cardenas,MX,17.9583,-102.2,75.6,70,8,2.66,clear sky
456,Kikwit,CD,-5.041,18.8162,70.5,97,100,1.21,overcast clouds
457,Kysyl-Syr,RU,63.8986,122.7617,-33.2,99,48,3.87,scattered clouds
458,Yamada,JP,39.4667,141.95,39.2,52,58,0.18,broken clouds
459,Fare,PF,-16.7,-151.0167,81.21,78,65,16.49,light rain
460,Le Havre,FR,49.4938,0.1077,45.52,100,75,5.75,broken clouds
461,Jackson,US,42.4165,-122.8345,42.19,82,56,1.01,broken clouds
462,Juterbog,DE,51.9833,13.0833,41.79,93,100,1.01,overcast clouds
463,Caala,AO,-12.8525,15.5606,59.14,93,100,2.28,overcast clouds
464,Makokou,GA,0.5738,12.8642,71.47,95,100,2.48,overcast clouds
465,Reconquista,AR,-29.15,-59.65,79.02,34,2,7.96,clear sky
466,Veseloyarsk,RU,51.2836,81.1056,0.95,98,100,3.94,overcast clouds
467,Vrede,ZA,-27.4257,29.1659,51.19,95,9,3.44,clear sky
468,Fort-Shevchenko,KZ,44.5086,50.263,38.97,78,87,20.04,overcast clouds
469,Gedo,ET,9.0167,37.45,55.69,58,86,2.82,overcast clouds
470,Port Hardy,CA,50.6996,-127.4199,41.16,86,100,17.6,overcast clouds
471,Acajutla,SV,13.5928,-89.8275,79.81,78,9,7.23,clear sky
472,Humaita,BR,-7.5061,-63.0208,70.97,96,91,2.37,overcast clouds
473,Flin Flon,CA,54.7682,-101.865,-14.12,88,13,9.98,few clouds
474,Richards Bay,ZA,-28.783,32.0377,68.18,88,7,7.54,clear sky
475,Bosaso,SO,11.2842,49.1816,69.82,78,0,4.5,clear sky
476,Kon Tum,VN,14.35,108.0,78.46,56,13,1.83,few clouds
477,Qaqortoq,GL,60.7167,-46.0333,18.1,79,91,3.06,overcast clouds
478,Gravdal,NO,68.1214,13.5031,27.41,77,15,7.81,few clouds
479,Porto Novo,BJ,6.4965,2.6036,77.47,77,96,4.94,overcast clouds
480,Nahrin,AF,36.0649,69.1334,34.47,73,7,2.66,clear sky
481,Belmonte,BR,-15.8631,-38.8828,77.36,88,100,9.26,overcast clouds
482,San Matias,BO,-16.3667,-58.4,76.93,86,56,4.94,broken clouds
483,Fortuna,US,40.5982,-124.1573,49.93,88,0,0.0,clear sky
484,Papar,MY,5.7333,115.9333,86.0,65,31,3.2,scattered clouds
485,Kondinskoye,RU,59.6481,67.41,6.28,90,100,12.48,overcast clouds
486,Terrace,CA,54.5163,-128.6035,37.47,99,100,0.92,overcast clouds
487,Haines Junction,CA,60.7522,-137.5108,-9.58,97,100,1.86,snow
488,Estelle,US,29.8458,-90.1067,71.01,76,100,3.0,overcast clouds
489,Kapuskasing,CA,49.4169,-82.4331,-4.18,89,100,10.4,overcast clouds
490,Carballo,ES,43.213,-8.691,56.01,95,100,3.85,overcast clouds
491,Lisala,CD,2.15,21.5167,75.69,58,78,2.08,broken clouds
492,Ketchikan,US,55.3422,-131.6461,41.36,94,100,22.37,heavy intensity rain
493,Berlevag,NO,70.8578,29.0864,32.16,70,100,26.62,overcast clouds
494,Bani,DO,18.2833,-70.3333,72.75,74,91,12.73,overcast clouds
495,Pangnirtung,CA,66.1451,-65.7125,-24.66,86,51,6.13,broken clouds
496,Tumaco,CO,1.7986,-78.8156,75.34,90,100,5.46,light rain
497,San Juan,AR,-31.5375,-68.5364,89.94,22,86,6.15,overcast clouds
498,San Cristobal,VE,7.7669,-72.225,62.08,92,20,2.35,few clouds
499,Henties Bay,NA,-22.116,14.2845,62.85,95,90,1.79,overcast clouds
500,Guerrero Negro,MX,27.9769,-114.0611,63.9,57,100,8.08,overcast clouds
501,Slave Lake,CA,55.2834,-114.769,-0.42,78,100,13.8,overcast clouds
502,Pinega,RU,64.7001,43.3936,6.19,95,87,9.4,overcast clouds
503,Lekoni,GA,-1.5843,14.2591,74.3,83,52,5.86,broken clouds
504,Huarmey,PE,-10.0681,-78.1522,71.11,81,0,7.99,clear sky
505,Nabire,ID,-3.3667,135.4833,84.33,70,100,4.25,overcast clouds
506,Coquimbo,CL,-29.9533,-71.3436,63.64,79,100,3.67,overcast clouds
507,Tiznit,MA,29.5833,-9.5,53.44,31,72,3.33,broken clouds
508,Krasnoselkup,RU,65.7,82.4667,-10.03,97,98,8.23,overcast clouds
509,Coari,BR,-4.085,-63.1414,70.61,96,87,3.04,overcast clouds
510,Svetlaya,RU,46.5389,138.3297,16.65,47,0,3.38,clear sky
511,Fuling,CN,29.7022,107.3919,50.47,81,100,0.72,overcast clouds
512,Ucluelet,CA,48.9329,-125.5528,34.95,83,100,12.08,overcast clouds
513,Nandu,CN,22.8525,110.8233,61.23,76,97,3.36,overcast clouds
514,Kahuta,PK,33.5913,73.3868,43.84,76,46,2.89,scattered clouds
515,Laplace,US,30.0666,-90.4801,70.99,87,75,0.0,broken clouds
516,Raudeberg,NO,61.9875,5.1352,38.07,60,2,4.0,clear sky
517,Bantry,IE,51.6833,-9.45,51.28,95,100,10.71,overcast clouds
518,Inhambane,MZ,-23.865,35.3833,73.76,91,23,6.49,few clouds
519,Hwange,ZW,-18.3693,26.5019,68.22,98,96,2.91,overcast clouds
520,Bilma,NE,18.6853,12.9164,48.18,28,3,9.73,clear sky
521,Champerico,GT,14.3,-91.9167,78.04,73,34,6.06,scattered clouds
522,Amahai,ID,-3.3333,128.9167,87.1,61,91,3.96,overcast clouds
523,Alice Springs,AU,-23.7,133.8833,103.55,10,0,10.36,clear sky
524,Gijon,ES,43.5357,-5.6615,60.44,93,100,1.01,overcast clouds
525,Singleton,AU,-32.5667,151.1833,87.78,63,44,3.0,scattered clouds
526,Ust-Tsilma,RU,65.441,52.1498,5.14,96,99,5.14,overcast clouds
527,Charters Towers,AU,-20.1,146.2667,95.54,33,69,14.14,broken clouds
528,Manadhoo,MV,5.7667,73.3833,80.91,75,100,8.59,overcast clouds
529,Burnie,AU,-41.0667,145.9167,70.92,74,100,7.2,overcast clouds
530,Chiscas,CO,6.5524,-72.4998,54.99,96,77,1.14,broken clouds
531,Clyde River,CA,70.4692,-68.5914,-16.04,94,100,6.11,overcast clouds
532,Tatawin,TN,32.9297,10.4518,46.36,30,25,15.73,scattered clouds
533,Alta Floresta,BR,-9.8756,-56.0861,68.79,99,100,3.85,overcast clouds
534,Ponta Delgada,PT,37.7333,-25.6667,61.52,72,75,13.8,broken clouds
535,Kropotkin,RU,45.4375,40.5756,35.53,85,33,8.25,scattered clouds
536,Ivanava,BY,52.1451,25.5365,22.05,97,16,5.88,few clouds
537,Cayce,US,33.9657,-81.074,60.96,94,100,3.44,moderate rain
538,Poyarkovo,RU,49.6,128.6833,-15.02,96,99,4.21,overcast clouds
539,Melilla,ES,35.2937,-2.9383,57.58,77,0,11.5,clear sky
540,Talcahuano,CL,-36.7167,-73.1167,58.23,94,2,6.26,clear sky
541,Surt,LY,31.2089,16.5887,53.29,45,61,22.91,broken clouds
542,Dauphin,CA,51.1494,-100.0502,-14.66,70,0,19.57,haze
543,Margate,GB,51.3813,1.3862,38.88,83,12,3.98,few clouds
544,Itaituba,BR,-4.2761,-55.9836,71.71,99,100,0.54,overcast clouds
545,Yibin,CN,28.7667,104.6238,50.76,76,100,3.04,overcast clouds
546,Lukovetskiy,RU,64.2956,41.9211,3.18,100,84,4.12,broken clouds
547,Bardiyah,LY,31.7561,25.0865,52.93,74,63,23.11,broken clouds
548,Beringovskiy,RU,63.05,179.3167,-10.61,79,1,13.04,clear sky
549,Mayna,RU,54.1135,47.6231,13.19,84,100,12.01,overcast clouds
550,Placido De Castro,BR,-10.3353,-67.1856,72.5,97,36,2.17,scattered clouds
551,Karpathos,GR,35.507,27.2132,57.16,82,67,13.8,broken clouds
552,Baykit,RU,61.67,96.37,14.86,97,100,1.79,light snow
553,Pinotepa De Don Luis,MX,16.4167,-97.9167,69.51,80,100,2.13,overcast clouds
554,Najran,SA,17.4924,44.1277,54.03,36,2,0.58,clear sky
555,Pallasovka,RU,50.05,46.8833,18.75,82,100,12.48,overcast clouds
556,Mana,GF,5.6592,-53.7767,74.48,88,99,5.44,overcast clouds
557,Turbat,PK,26.0023,63.044,55.04,36,0,7.07,clear sky
558,Marsa Matruh,EG,31.3525,27.2453,53.94,70,39,22.26,scattered clouds
559,Barhi,IN,23.9,80.8,60.21,84,0,4.45,clear sky
560,Quimper,FR,48.0,-4.1,54.28,94,100,19.57,overcast clouds
561,Kabompo,ZM,-13.5927,24.2008,63.41,98,100,4.34,overcast clouds
562,Igunga,TZ,-4.2833,33.8833,67.98,69,100,2.48,overcast clouds
563,Pathein,MM,16.7833,94.7333,80.44,58,93,5.77,overcast clouds
564,Teknaf,BD,20.8624,92.3058,71.56,54,0,2.68,clear sky
565,Benoy,TD,8.9833,16.3199,70.02,24,56,6.53,broken clouds
566,Yerbogachen,RU,61.2767,108.0108,-6.59,78,100,9.8,overcast clouds
567,Tres Arroyos,AR,-38.3739,-60.2798,77.86,25,2,12.19,clear sky
568,Preeceville,CA,51.95,-102.6677,-23.19,89,42,9.35,scattered clouds
569,Nelson Bay,AU,-32.7167,152.15,88.29,71,2,18.32,clear sky
570,Tabas,IR,33.5959,56.9244,43.23,40,0,0.65,clear sky
571,Young,UY,-32.6833,-57.6333,78.22,41,12,8.5,few clouds
572,Srivardhan,IN,18.0333,73.0167,66.69,59,0,6.53,clear sky
573,Petropavlovsk-Kamchatskiy,RU,53.0452,158.6483,34.39,60,75,17.9,snow
574,Nicolas Bravo,MX,18.45,-88.9167,68.7,99,43,2.66,scattered clouds
575,Ballina,AU,-28.8667,153.5667,86.18,72,41,10.02,scattered clouds
576,Ambon,ID,-3.6954,128.1814,87.94,66,20,6.91,few clouds
577,Sao Felix Do Xingu,BR,-6.6447,-51.995,70.48,100,100,1.79,overcast clouds
578,Arona,ES,28.0996,-16.681,64.33,21,75,10.0,broken clouds
579,Montrose,US,38.4166,-108.2673,17.01,75,4,1.63,clear sky
580,Pitanga,BR,-24.7572,-51.7614,57.6,95,88,4.97,overcast clouds
581,Lendinara,IT,45.0843,11.5997,38.53,79,100,4.83,overcast clouds
582,Paracatu,BR,-17.2222,-46.8747,67.33,98,100,3.8,overcast clouds
583,Belaya Gora,RU,68.5333,146.4167,-35.75,100,34,4.07,scattered clouds
584,Tecpan,GT,14.7623,-90.9947,54.72,91,32,4.83,scattered clouds
585,Eyl,SO,7.9803,49.8164,72.23,73,32,15.64,scattered clouds
586,Amuntai,ID,-2.4177,115.2494,88.75,61,84,3.29,broken clouds
587,Milas,TR,37.3164,27.7839,51.15,87,75,6.91,broken clouds
588,Cravo Norte,CO,6.3017,-70.2041,76.89,44,28,5.99,scattered clouds
589,Port Hedland,AU,-20.3167,118.5667,89.65,62,0,10.36,clear sky
590,Boguchany,RU,58.3814,97.4531,25.48,88,100,13.33,overcast clouds
591,Xinzhou,CN,38.4092,112.7333,32.49,37,11,8.61,few clouds
592,Peniche,PT,39.3558,-9.3811,57.61,91,100,6.76,overcast clouds
593,Saiha,IN,22.4833,92.9667,70.79,42,0,0.87,clear sky
594,Nouakchott,MR,18.0858,-15.9785,67.93,28,100,7.02,overcast clouds
595,Vestmannaeyjar,IS,63.4427,-20.2734,41.29,92,100,33.51,overcast clouds
596,Martapura,ID,-3.4167,114.85,82.49,78,40,6.91,scattered clouds
597,Rodeo,US,38.033,-122.2669,54.21,84,0,1.01,clear sky
598,Sharan,RU,54.8167,54.0,4.87,86,100,5.64,overcast clouds
599,Egvekinot,RU,66.3167,-179.1667,-8.09,59,0,14.07,clear sky
600,Marabba,SD,12.35,32.1833,79.48,32,79,6.2,broken clouds
601,Sept-Iles,CA,50.2001,-66.3821,23.05,89,99,4.0,overcast clouds
602,Soavinandriana,MG,-19.1667,46.7333,59.65,91,100,3.15,overcast clouds
603,Nemuro,JP,43.3236,145.575,27.95,58,0,12.66,clear sky
604,Lokoja,NG,7.8024,6.743,78.98,32,55,1.03,broken clouds
605,Ngunguru,NZ,-35.6167,174.5,76.15,68,96,8.72,overcast clouds
606,Sadove,UA,46.2487,30.1795,40.95,99,100,7.65,overcast clouds
607,Faya,SA,18.3851,42.4509,48.72,71,1,3.29,clear sky
608,Staryy Nadym,RU,65.6118,72.6842,-8.97,94,18,10.25,few clouds
609,Saint-Leu,RE,-21.15,55.2833,77.86,80,100,3.6,overcast clouds
610,Ejura,GH,7.3856,-1.3562,74.64,24,62,0.45,broken clouds
611,Camacha,PT,33.0833,-16.3333,60.22,88,40,10.36,scattered clouds
612,Dudinka,RU,69.4058,86.1778,-5.39,98,100,10.78,overcast clouds
613,Finschhafen,PG,-6.6024,147.8681,85.24,72,97,10.22,overcast clouds
614,Tynda,RU,55.1667,124.7167,-17.61,81,96,2.8,overcast clouds
615,Trinidad,BO,-14.8333,-64.9,74.35,96,100,3.62,overcast clouds
616,Abu Zabad,SD,12.35,29.25,74.93,30,32,8.28,scattered clouds
617,Barcelos,PT,41.5388,-8.6151,55.92,98,97,3.85,overcast clouds
618,Boden,SE,65.8252,21.6886,-7.6,98,85,2.08,overcast clouds
619,Mahuva,IN,21.0914,71.7622,58.98,57,0,10.4,clear sky
620,Tabuk,PH,17.4189,121.4443,77.14,73,49,2.93,scattered clouds
621,Ayan,RU,56.45,138.1667,-4.41,71,100,14.76,overcast clouds
622,Honiara,SB,-9.4333,159.95,88.52,62,66,11.34,broken clouds
623,Orlik,RU,52.5178,99.825,-1.41,75,91,1.61,overcast clouds
624,Kununurra,AU,-15.7667,128.7333,94.98,52,8,8.05,clear sky
625,Bani Walid,LY,31.7566,13.9942,48.79,32,88,14.94,overcast clouds
626,Wenatchee,US,47.4235,-120.3103,32.45,85,0,1.01,clear sky
627,Guangyuan,CN,32.442,105.823,48.49,33,0,12.59,clear sky
628,Ternate,ID,0.8,127.4,83.68,74,43,5.14,scattered clouds
629,Grand Forks,US,47.9417,-97.4337,-11.27,66,0,10.36,clear sky
630,Sibolga,ID,1.7427,98.7792,81.27,76,100,2.35,overcast clouds
631,Itarema,BR,-2.9248,-39.9167,78.24,79,100,8.34,overcast clouds
632,Alagoa Grande,BR,-7.1583,-35.63,73.27,86,8,3.0,clear sky
633,Cotonou,BJ,6.3654,2.4183,79.93,77,84,6.62,broken clouds
634,Verkhovazhye,RU,60.7472,42.0465,14.31,96,96,4.25,overcast clouds
635,Ferrol,ES,43.4832,-8.2369,56.71,92,100,9.04,overcast clouds
636,Asosa,ET,10.0667,34.5333,65.82,41,3,3.74,clear sky
637,Sibi,PK,29.5448,67.8764,54.12,61,0,0.38,clear sky
638,La Rioja,ES,42.25,-2.5,49.05,94,100,13.98,overcast clouds
639,Nizhniy Odes,RU,63.6445,54.856,11.79,95,100,6.17,light snow
640,Ojinaga,MX,29.5667,-104.4167,54.55,40,0,14.97,clear sky
641,Westport,US,41.1415,-73.3579,39.97,95,100,8.01,overcast clouds
642,Tual,ID,-5.6667,132.75,83.05,76,77,9.01,broken clouds
643,Kargala,RU,56.6208,83.9607,0.48,94,97,7.9,overcast clouds
644,High Rock,BS,26.6208,-78.2833,69.82,70,100,14.81,overcast clouds
645,Andenes,NO,69.3143,16.1194,15.78,92,13,6.91,few clouds
646,Wattegama,LK,6.7989,81.4808,74.32,92,100,3.15,overcast clouds
647,Changli,CN,39.7042,119.1506,28.78,60,88,7.45,overcast clouds
648,Veraval,IN,20.9,70.3667,60.49,57,0,11.79,clear sky
649,Road Town,VG,18.4167,-64.6167,75.29,67,45,21.72,scattered clouds
650,Temiscaming,CA,46.7212,-79.0971,1.11,88,93,6.93,overcast clouds
651,Edremit,TR,39.5961,27.0244,49.75,81,75,5.75,broken clouds
652,Abu Samrah,SY,35.3029,37.1841,48.49,76,1,8.68,clear sky
653,Celestun,MX,20.8667,-90.4,75.58,79,24,11.86,few clouds
654,Bauchi,NG,10.5,10.0,60.4,25,7,5.35,clear sky
655,Prudnik,PL,50.3212,17.5746,33.75,98,100,0.43,light snow
656,Baherden,TM,38.4362,57.4316,41.61,53,0,7.99,clear sky
657,Caceres,ES,39.522,-6.3748,46.8,97,64,6.85,broken clouds
658,Niesky,DE,51.2924,14.8211,38.25,91,100,8.46,overcast clouds
659,Dois Riachos,BR,-9.3925,-37.1006,75.04,76,98,5.86,overcast clouds
660,Lafiagi,NG,8.8667,5.4167,74.8,27,24,3.53,few clouds
661,Kasongo-Lunda,CD,-6.4667,16.8167,69.6,97,100,0.85,overcast clouds
662,Tahe,CN,52.3333,124.7333,-5.71,71,52,4.72,broken clouds
663,Sao Gabriel Da Cachoeira,BR,-0.1303,-67.0892,71.78,98,100,1.07,overcast clouds
